{
  "rooms": {
    "rouge1": 0.23189601047828057,
    "rouge2": 0.0523645495417456,
    "rougeL": 0.1496612390062775,
    "bleu": 0.011569101238821449,
    "meteor": 0.26153881671411,
    "bertscore_precision": 0.8389973950386047,
    "bertscore_recall": 0.8758224805196125,
    "bertscore_f1": 0.8568860125541687
  },
  "location": {
    "rouge1": 0.22361451741030203,
    "rouge2": 0.04546676014535753,
    "rougeL": 0.1471221469523165,
    "bleu": 0.01145458977478571,
    "meteor": 0.2255011249543506,
    "bertscore_precision": 0.8367732810974121,
    "bertscore_recall": 0.8704507732391359,
    "bertscore_f1": 0.8530788866678872
  },
  "service": {
    "rouge1": 0.17846931465888807,
    "rouge2": 0.03717933852112813,
    "rougeL": 0.12340766834122853,
    "bleu": 0.011233223405581834,
    "meteor": 0.2255043586195016,
    "bertscore_precision": 0.8334814643859861,
    "bertscore_recall": 0.8834141111373901,
    "bertscore_f1": 0.8576271510124207
  },
  "cleanliness": {
    "rouge1": 0.18734995327669648,
    "rouge2": 0.05485935376019477,
    "rougeL": 0.1426894462117201,
    "bleu": 0.011544437248201502,
    "meteor": 0.2592002502631105,
    "bertscore_precision": 0.8378307859102884,
    "bertscore_recall": 0.8904445417722067,
    "bertscore_f1": 0.8631925106048584
  },
  "building": {
    "rouge1": 0.15267985384382823,
    "rouge2": 0.016553321256823697,
    "rougeL": 0.10235703837276355,
    "bleu": 0.0,
    "meteor": 0.1796063867794555,
    "bertscore_precision": 0.8002279726664228,
    "bertscore_recall": 0.8350347487131756,
    "bertscore_f1": 0.8171009620030724
  },
  "food": {
    "rouge1": 0.21043021320289035,
    "rouge2": 0.04100941549224817,
    "rougeL": 0.14157417243955867,
    "bleu": 0.015459138281759236,
    "meteor": 0.23820359881117398,
    "bertscore_precision": 0.8403000823656719,
    "bertscore_recall": 0.8763830908139547,
    "bertscore_f1": 0.8578446785608927
  }
}