{
  "rooms": {
    "rouge1": 0.2139523243680456,
    "rouge2": 0.039305054058585226,
    "rougeL": 0.1378026704464134,
    "bleu": 0.003601635627561523,
    "meteor": 0.2284989145384287,
    "bertscore_precision": 0.8348293344179791,
    "bertscore_recall": 0.8658802636464439,
    "bertscore_f1": 0.8499492732683817
  },
  "location": {
    "rouge1": 0.20434698563484688,
    "rouge2": 0.03745824057601635,
    "rougeL": 0.1276775786725593,
    "bleu": 0.01272219395770633,
    "meteor": 0.2101452073653058,
    "bertscore_precision": 0.8366011007626852,
    "bertscore_recall": 0.8598316351572673,
    "bertscore_f1": 0.8479012815157573
  },
  "service": {
    "rouge1": 0.15792928595068986,
    "rouge2": 0.017914369699461256,
    "rougeL": 0.10657013656159822,
    "bleu": 0.0033710737310848676,
    "meteor": 0.19507809821327413,
    "bertscore_precision": 0.8289776261647543,
    "bertscore_recall": 0.8721029615402223,
    "bertscore_f1": 0.849847092628479
  },
  "cleanliness": {
    "rouge1": 0.2048132900661926,
    "rouge2": 0.07701615435898942,
    "rougeL": 0.15815599643357292,
    "bleu": 0.02391229763919875,
    "meteor": 0.2784577449873116,
    "bertscore_precision": 0.8375591158866881,
    "bertscore_recall": 0.8921049841245015,
    "bertscore_f1": 0.8637973570823668
  },
  "building": {
    "rouge1": 0.15973418814555848,
    "rouge2": 0.021072194087675848,
    "rougeL": 0.10965821540288954,
    "bleu": 0.0,
    "meteor": 0.18639481493201696,
    "bertscore_precision": 0.8335194134712216,
    "bertscore_recall": 0.8685797198613483,
    "bertscore_f1": 0.8505438844362895
  },
  "food": {
    "rouge1": 0.20131146421999574,
    "rouge2": 0.043507510475336415,
    "rougeL": 0.13238928600657024,
    "bleu": 0.017404932343678955,
    "meteor": 0.2474155300485685,
    "bertscore_precision": 0.8359684054056803,
    "bertscore_recall": 0.8805328003565471,
    "bertscore_f1": 0.857590369383494
  }
}