{
  "rooms": {
    "rouge1": 0.23925959800708335,
    "rouge2": 0.021706502387120595,
    "rougeL": 0.17203758492942797,
    "bleu": 0.0011354624914231301,
    "meteor": 0.16027472407504223,
    "bertscore_precision": 0.8706988390286763,
    "bertscore_recall": 0.8726416381200154,
    "bertscore_f1": 0.87157212972641
  },
  "location": {
    "rouge1": 0.28055706610399783,
    "rouge2": 0.05651443890915651,
    "rougeL": 0.20477875943549095,
    "bleu": 0.005121692001388506,
    "meteor": 0.19066581481899658,
    "bertscore_precision": 0.8742825229962666,
    "bertscore_recall": 0.8803592260678609,
    "bertscore_f1": 0.8771245535214741
  },
  "service": {
    "rouge1": 0.25130304866066877,
    "rouge2": 0.03161630108276699,
    "rougeL": 0.19669132570016726,
    "bleu": 0.002305795650680206,
    "meteor": 0.17627795610373592,
    "bertscore_precision": 0.8792850200335185,
    "bertscore_recall": 0.8865532565116883,
    "bertscore_f1": 0.8827817742029826
  },
  "cleanliness": {
    "rouge1": 0.23847528835096246,
    "rouge2": 0.038322040878161025,
    "rougeL": 0.1902363371745348,
    "bleu": 0.0,
    "meteor": 0.1768268453312559,
    "bertscore_precision": 0.8674839329719544,
    "bertscore_recall": 0.8900834488868713,
    "bertscore_f1": 0.8785349504152934
  },
  "building": {
    "rouge1": 0.2039212582575308,
    "rouge2": 0.025959906916016563,
    "rougeL": 0.15420933118479985,
    "bleu": 0.0,
    "meteor": 0.15894010447642615,
    "bertscore_precision": 0.8682354068756104,
    "bertscore_recall": 0.8874189368883769,
    "bertscore_f1": 0.8775818761189779
  },
  "food": {
    "rouge1": 0.242471257145242,
    "rouge2": 0.017982007295846886,
    "rougeL": 0.17074584509613341,
    "bleu": 0.0029545297934865113,
    "meteor": 0.15591159842006513,
    "bertscore_precision": 0.8780707144737243,
    "bertscore_recall": 0.8790219624837239,
    "bertscore_f1": 0.8784491260846455
  }
}