{
  "rooms": {
    "rouge1": 0.2428999688843928,
    "rouge2": 0.032359245515084754,
    "rougeL": 0.18311628536573668,
    "bleu": 0.0007722491210250234,
    "meteor": 0.15121129950453407,
    "bertscore_precision": 0.8782709447542827,
    "bertscore_recall": 0.8718924895922343,
    "bertscore_f1": 0.8749342608451843
  },
  "location": {
    "rouge1": 0.2793253331417137,
    "rouge2": 0.06771029756600865,
    "rougeL": 0.20524190753957597,
    "bleu": 0.0010409795881513415,
    "meteor": 0.18840087284294388,
    "bertscore_precision": 0.8889832655588786,
    "bertscore_recall": 0.8839389077822368,
    "bertscore_f1": 0.8862572916348774
  },
  "service": {
    "rouge1": 0.2508299505589154,
    "rouge2": 0.02642385284256293,
    "rougeL": 0.20421498241350539,
    "bleu": 0.001747585192837621,
    "meteor": 0.176143468251659,
    "bertscore_precision": 0.8915756996472676,
    "bertscore_recall": 0.8884119510650634,
    "bertscore_f1": 0.8898563536008198
  },
  "cleanliness": {
    "rouge1": 0.2572074204821098,
    "rouge2": 0.05341798058377717,
    "rougeL": 0.21603271876112914,
    "bleu": 0.0029656625863915694,
    "meteor": 0.1860249853212985,
    "bertscore_precision": 0.8799839814503987,
    "bertscore_recall": 0.8913720885912578,
    "bertscore_f1": 0.885566569964091
  },
  "building": {
    "rouge1": 0.2193673561419549,
    "rouge2": 0.022704064877154234,
    "rougeL": 0.17444301717364852,
    "bleu": 0.0,
    "meteor": 0.1563941419779985,
    "bertscore_precision": 0.8820384168624877,
    "bertscore_recall": 0.8872361032168071,
    "bertscore_f1": 0.8844870797793071
  },
  "food": {
    "rouge1": 0.22706106640487028,
    "rouge2": 0.011578296085048559,
    "rougeL": 0.16011342219590308,
    "bleu": 0.0026588873323840005,
    "meteor": 0.1415517755540212,
    "bertscore_precision": 0.8763897546132405,
    "bertscore_recall": 0.8720511468251546,
    "bertscore_f1": 0.8741147843996684
  }
}