{
  "rooms": {
    "rouge1": 0.2606780919714025,
    "rouge2": 0.020959026526245164,
    "rougeL": 0.17234102478475724,
    "bleu": 0.0032540588828602513,
    "meteor": 0.16656687413334784,
    "bertscore_precision": 0.8641679549217224,
    "bertscore_recall": 0.8796207849184673,
    "bertscore_f1": 0.8717011054356892
  },
  "location": {
    "rouge1": 0.2821596639665939,
    "rouge2": 0.07523507499054499,
    "rougeL": 0.21894370449435907,
    "bleu": 0.015203559113285834,
    "meteor": 0.2040866597095195,
    "bertscore_precision": 0.872253171602885,
    "bertscore_recall": 0.8836225962638855,
    "bertscore_f1": 0.8776744874318441
  },
  "service": {
    "rouge1": 0.24084039008397592,
    "rouge2": 0.028492608911045086,
    "rougeL": 0.18723828096460202,
    "bleu": 0.0024701353693179816,
    "meteor": 0.17077644639470832,
    "bertscore_precision": 0.8728098702430725,
    "bertscore_recall": 0.8856193820635478,
    "bertscore_f1": 0.8790311940511067
  },
  "cleanliness": {
    "rouge1": 0.23192291383940108,
    "rouge2": 0.031395304364160305,
    "rougeL": 0.18758944484432416,
    "bleu": 0.002818952228573743,
    "meteor": 0.16828783383157864,
    "bertscore_precision": 0.8697820703188579,
    "bertscore_recall": 0.8896070345242818,
    "bertscore_f1": 0.8794997302691142
  },
  "building": {
    "rouge1": 0.21061013745433851,
    "rouge2": 0.024174088185695327,
    "rougeL": 0.14994312102155713,
    "bleu": 0.0,
    "meteor": 0.16210382841921714,
    "bertscore_precision": 0.8641129914919535,
    "bertscore_recall": 0.8856874895095825,
    "bertscore_f1": 0.8746178062756855
  },
  "food": {
    "rouge1": 0.2499622504771909,
    "rouge2": 0.020600993464285334,
    "rougeL": 0.16655157137352794,
    "bleu": 0.005685715199450201,
    "meteor": 0.16638171973006868,
    "bertscore_precision": 0.8737727419535319,
    "bertscore_recall": 0.8825503889719646,
    "bertscore_f1": 0.8780031402905781
  }
}