{
  "rooms": {
    "rouge1": 0.18526743599646436,
    "rouge2": 0.03549528701267303,
    "rougeL": 0.1352654926058192,
    "bleu": 0.002703161868553386,
    "meteor": 0.21033414217581445,
    "bertscore_precision": 0.8393261885643005,
    "bertscore_recall": 0.8655967497825623,
    "bertscore_f1": 0.852153278986613
  },
  "location": {
    "rouge1": 0.216728455089069,
    "rouge2": 0.054047430270417,
    "rougeL": 0.15278819242010575,
    "bleu": 0.007220155756160744,
    "meteor": 0.24425355692521694,
    "bertscore_precision": 0.8438059663772584,
    "bertscore_recall": 0.8734255949656169,
    "bertscore_f1": 0.858202322324117
  },
  "service": {
    "rouge1": 0.14671012191431607,
    "rouge2": 0.019988590184548138,
    "rougeL": 0.10939799930573355,
    "bleu": 0.0015242298896357344,
    "meteor": 0.1993779267369124,
    "bertscore_precision": 0.8318360336621602,
    "bertscore_recall": 0.8735026725133259,
    "bertscore_f1": 0.8520521903038025
  },
  "cleanliness": {
    "rouge1": 0.11881321843117887,
    "rouge2": 0.026257572371172516,
    "rougeL": 0.0964828907308817,
    "bleu": 0.000702626534616526,
    "meteor": 0.17277198889343282,
    "bertscore_precision": 0.8254403217633565,
    "bertscore_recall": 0.8771553945541382,
    "bertscore_f1": 0.8504528991381328
  },
  "building": {
    "rouge1": 0.1477160430783076,
    "rouge2": 0.028824662672365317,
    "rougeL": 0.11613883177781383,
    "bleu": 0.0,
    "meteor": 0.1988850523873538,
    "bertscore_precision": 0.828850446542104,
    "bertscore_recall": 0.8767830260594686,
    "bertscore_f1": 0.8517215371131897
  },
  "food": {
    "rouge1": 0.14771165723808075,
    "rouge2": 0.0148210796595928,
    "rougeL": 0.10986825062874861,
    "bleu": 0.0009993260255293684,
    "meteor": 0.17578833289729104,
    "bertscore_precision": 0.833773279984792,
    "bertscore_recall": 0.8578354787826538,
    "bertscore_f1": 0.8455219316482544
  }
}