{
  "rooms": {
    "rouge1": 0.13346929152730752,
    "rouge2": 0.013549121774552121,
    "rougeL": 0.11547027099409045,
    "bleu": 0.0,
    "meteor": 0.13705036445266996,
    "bertscore_precision": 0.7031724158922832,
    "bertscore_recall": 0.813597108523051,
    "bertscore_f1": 0.753310300509135
  },
  "location": {
    "rouge1": 0.1098565677559678,
    "rouge2": 0.009499568797619078,
    "rougeL": 0.09339604361591741,
    "bleu": 0.0,
    "meteor": 0.1169011728708169,
    "bertscore_precision": 0.688916761080424,
    "bertscore_recall": 0.8088342038790386,
    "bertscore_f1": 0.7428363005320232
  },
  "service": {
    "rouge1": 0.09635817449398228,
    "rouge2": 0.0028569952127024435,
    "rougeL": 0.08547109254512739,
    "bleu": 0.0,
    "meteor": 0.11976365370303553,
    "bertscore_precision": 0.6935784006118775,
    "bertscore_recall": 0.825268104871114,
    "bertscore_f1": 0.7521896696090699
  },
  "cleanliness": {
    "rouge1": 0.09968553790298534,
    "rouge2": 0.010856884758217202,
    "rougeL": 0.0898349358054606,
    "bleu": 0.0,
    "meteor": 0.12387621528799679,
    "bertscore_precision": 0.6989502684275309,
    "bertscore_recall": 0.82855251232783,
    "bertscore_f1": 0.7567898964881897
  },
  "building": {
    "rouge1": 0.12139869927086433,
    "rouge2": 0.015016892186061288,
    "rougeL": 0.10082021477705146,
    "bleu": 0.0,
    "meteor": 0.13552401092396704,
    "bertscore_precision": 0.6889050165812175,
    "bertscore_recall": 0.8284487477938335,
    "bertscore_f1": 0.751110958258311
  },
  "food": {
    "rouge1": 0.09830799173471354,
    "rouge2": 0.007178811529375266,
    "rougeL": 0.08464578466510048,
    "bleu": 0.00025782741472895476,
    "meteor": 0.11715746826391926,
    "bertscore_precision": 0.6849650390942891,
    "bertscore_recall": 0.814491909344991,
    "bertscore_f1": 0.7432852514584859
  }
}