{
  "rooms": {
    "rouge1": 0.2402167633014097,
    "rouge2": 0.05967553600926855,
    "rougeL": 0.1785592833667715,
    "bleu": 0.0070547464072372255,
    "meteor": 0.19613352117421715,
    "bertscore_precision": 0.8838474686940511,
    "bertscore_recall": 0.8686037039756775,
    "bertscore_f1": 0.87577392578125
  },
  "location": {
    "rouge1": 0.2660410657336217,
    "rouge2": 0.07995629964568161,
    "rougeL": 0.19655722687585458,
    "bleu": 0.01394249283128014,
    "meteor": 0.21470604979185257,
    "bertscore_precision": 0.8833556683858235,
    "bertscore_recall": 0.8724993395805359,
    "bertscore_f1": 0.877590304215749
  },
  "service": {
    "rouge1": 0.24480329482211438,
    "rouge2": 0.05243161299994948,
    "rougeL": 0.17728847603583733,
    "bleu": 0.0064094065278977345,
    "meteor": 0.2139597326503574,
    "bertscore_precision": 0.8781331292788188,
    "bertscore_recall": 0.8868312613169352,
    "bertscore_f1": 0.8821383857727051
  },
  "cleanliness": {
    "rouge1": 0.2621231450790953,
    "rouge2": 0.08400576498957975,
    "rougeL": 0.20863556132204725,
    "bleu": 0.007816479124621275,
    "meteor": 0.24671044515921853,
    "bertscore_precision": 0.8774940681457519,
    "bertscore_recall": 0.8945684949556987,
    "bertscore_f1": 0.8857442116737366
  },
  "building": {
    "rouge1": 0.19513045631364492,
    "rouge2": 0.038961170604588334,
    "rougeL": 0.15922310774318518,
    "bleu": 0.0075850876911205374,
    "meteor": 0.18850613315259376,
    "bertscore_precision": 0.8597404336929322,
    "bertscore_recall": 0.8775340572992961,
    "bertscore_f1": 0.8682496277491252
  },
  "food": {
    "rouge1": 0.19752095803596934,
    "rouge2": 0.026084308930677005,
    "rougeL": 0.15239118371979063,
    "bleu": 0.0006255368475887799,
    "meteor": 0.16564770042606974,
    "bertscore_precision": 0.8738094743092855,
    "bertscore_recall": 0.8676274180412292,
    "bertscore_f1": 0.8703652119636536
  }
}