{
  "rooms": {
    "rouge1": 0.3331330621956131,
    "rouge2": 0.0794867981074956,
    "rougeL": 0.24118166856529819,
    "bleu": 0.0176577077994528,
    "meteor": 0.22100644545601408,
    "bertscore_precision": 0.8970817613601685,
    "bertscore_recall": 0.8836264983812968,
    "bertscore_f1": 0.890008761882782
  },
  "location": {
    "rouge1": 0.306149646913446,
    "rouge2": 0.08237013082620454,
    "rougeL": 0.22798560713064767,
    "bleu": 0.0024927145442606756,
    "meteor": 0.21953764973712858,
    "bertscore_precision": 0.8928915182749431,
    "bertscore_recall": 0.8855815744400024,
    "bertscore_f1": 0.8890400226910908
  },
  "service": {
    "rouge1": 0.2744638922261384,
    "rouge2": 0.04850996794630762,
    "rougeL": 0.2231131497149771,
    "bleu": 0.014299980171867488,
    "meteor": 0.19658045774771638,
    "bertscore_precision": 0.8998333795865376,
    "bertscore_recall": 0.8919115209579468,
    "bertscore_f1": 0.8956312974294026
  },
  "cleanliness": {
    "rouge1": 0.3275382077820298,
    "rouge2": 0.08960230073250702,
    "rougeL": 0.26369660799649347,
    "bleu": 0.006378330416254877,
    "meteor": 0.24426832987636352,
    "bertscore_precision": 0.8904547540346782,
    "bertscore_recall": 0.8989943766593933,
    "bertscore_f1": 0.8945106728871663
  },
  "building": {
    "rouge1": 0.2890569726603623,
    "rouge2": 0.06815665868148944,
    "rougeL": 0.22662180831827566,
    "bleu": 0.009661105068325968,
    "meteor": 0.2183228166958341,
    "bertscore_precision": 0.891183516184489,
    "bertscore_recall": 0.8925411375363668,
    "bertscore_f1": 0.8916323932011921
  },
  "food": {
    "rouge1": 0.27803050932044004,
    "rouge2": 0.04436317319840238,
    "rougeL": 0.202930062090591,
    "bleu": 0.0076717192055811645,
    "meteor": 0.2002071307189254,
    "bertscore_precision": 0.888909924030304,
    "bertscore_recall": 0.8845760822296143,
    "bertscore_f1": 0.8865800786018372
  }
}