{
  "rooms": {
    "rouge1": 0.1454770087019656,
    "rouge2": 0.012132615615123491,
    "rougeL": 0.1138969525007303,
    "bleu": 0.001997296542575412,
    "meteor": 0.11535778341208912,
    "bertscore_precision": 0.8319072413444519,
    "bertscore_recall": 0.8565985155105591,
    "bertscore_f1": 0.8434429947535197
  },
  "location": {
    "rouge1": 0.1982581223407872,
    "rouge2": 0.03628406511512476,
    "rougeL": 0.14657288685991202,
    "bleu": 0.007210134481779474,
    "meteor": 0.14698017407901695,
    "bertscore_precision": 0.853426342010498,
    "bertscore_recall": 0.8586669754981995,
    "bertscore_f1": 0.8555279835065206
  },
  "service": {
    "rouge1": 0.16846493966636764,
    "rouge2": 0.017246037044113954,
    "rougeL": 0.1308718101156474,
    "bleu": 0.005148963652023985,
    "meteor": 0.1465064221765537,
    "bertscore_precision": 0.8526833701133728,
    "bertscore_recall": 0.8706769188245137,
    "bertscore_f1": 0.8609120893478394
  },
  "cleanliness": {
    "rouge1": 0.1761426959980389,
    "rouge2": 0.018690058036300684,
    "rougeL": 0.14295616919729426,
    "bleu": 0.0,
    "meteor": 0.14368024943441687,
    "bertscore_precision": 0.8505954003334045,
    "bertscore_recall": 0.8756368676821391,
    "bertscore_f1": 0.8628255319595337
  },
  "building": {
    "rouge1": 0.11370531421122024,
    "rouge2": 0.008473532895520027,
    "rougeL": 0.08510104885942212,
    "bleu": 0.0,
    "meteor": 0.10308171758842971,
    "bertscore_precision": 0.8182588338851928,
    "bertscore_recall": 0.8605663045247396,
    "bertscore_f1": 0.8380033866564434
  },
  "food": {
    "rouge1": 0.12917402775490955,
    "rouge2": 0.0119842299950381,
    "rougeL": 0.0988409047085862,
    "bleu": 0.0,
    "meteor": 0.11899851180383628,
    "bertscore_precision": 0.851494635740916,
    "bertscore_recall": 0.8593765004475911,
    "bertscore_f1": 0.8552160620689392
  }
}