{
  "rooms": {
    "rouge1": 0.2573199935175465,
    "rouge2": 0.03944204703555549,
    "rougeL": 0.19717302690337316,
    "bleu": 0.002188660188602208,
    "meteor": 0.1720017491731348,
    "bertscore_precision": 0.8789006010691325,
    "bertscore_recall": 0.8765027729670207,
    "bertscore_f1": 0.8775755635897319
  },
  "location": {
    "rouge1": 0.29134830347324026,
    "rouge2": 0.0797493756218278,
    "rougeL": 0.2188877490582694,
    "bleu": 0.016924729367343426,
    "meteor": 0.2102054191237869,
    "bertscore_precision": 0.884035656452179,
    "bertscore_recall": 0.8842054168383281,
    "bertscore_f1": 0.8838916667302449
  },
  "service": {
    "rouge1": 0.25011229333855123,
    "rouge2": 0.03030844751333398,
    "rougeL": 0.20203136445498743,
    "bleu": 0.011336062718540792,
    "meteor": 0.17856408584910308,
    "bertscore_precision": 0.8912977385520935,
    "bertscore_recall": 0.8863693785667419,
    "bertscore_f1": 0.8887015048662822
  },
  "cleanliness": {
    "rouge1": 0.23536940208354212,
    "rouge2": 0.0403951393146848,
    "rougeL": 0.2052505070441184,
    "bleu": 0.0,
    "meteor": 0.18191489591091692,
    "bertscore_precision": 0.8733330154418946,
    "bertscore_recall": 0.8869352118174235,
    "bertscore_f1": 0.8799287414550782
  },
  "building": {
    "rouge1": 0.2451487031756439,
    "rouge2": 0.03747222480529062,
    "rougeL": 0.18590870146616603,
    "bleu": 0.0,
    "meteor": 0.18458777698490658,
    "bertscore_precision": 0.8762696504592895,
    "bertscore_recall": 0.888769539197286,
    "bertscore_f1": 0.8822947088877361
  },
  "food": {
    "rouge1": 0.2370337821550505,
    "rouge2": 0.02284793520210047,
    "rougeL": 0.17558065417048244,
    "bleu": 0.005516310082427644,
    "meteor": 0.15894786681328874,
    "bertscore_precision": 0.8755580687522888,
    "bertscore_recall": 0.8740778867403667,
    "bertscore_f1": 0.8746297144889832
  }
}