{
  "rooms": {
    "rouge1": 0.2508796651023084,
    "rouge2": 0.06773712161354253,
    "rougeL": 0.20471630994246723,
    "bleu": 0.005362426688339849,
    "meteor": 0.17967408014973807,
    "bertscore_precision": 0.883018991947174,
    "bertscore_recall": 0.8733242114384968,
    "bertscore_f1": 0.8772698911031087
  },
  "location": {
    "rouge1": 0.27964732623521443,
    "rouge2": 0.06599700554926413,
    "rougeL": 0.20822394280861112,
    "bleu": 0.00944215988791484,
    "meteor": 0.18427163094399288,
    "bertscore_precision": 0.8878864638010662,
    "bertscore_recall": 0.8702022043863933,
    "bertscore_f1": 0.8787197144826253
  },
  "service": {
    "rouge1": 0.31127557975311915,
    "rouge2": 0.09250485122836002,
    "rougeL": 0.25021255817429433,
    "bleu": 0.012587899337535678,
    "meteor": 0.21453469213879894,
    "bertscore_precision": 0.9101297044754029,
    "bertscore_recall": 0.8925301059087117,
    "bertscore_f1": 0.9009628462791442
  },
  "cleanliness": {
    "rouge1": 0.30093688704623217,
    "rouge2": 0.10167305581059179,
    "rougeL": 0.25324419281486654,
    "bleu": 0.001680720434447368,
    "meteor": 0.21304849207776894,
    "bertscore_precision": 0.8911281180381775,
    "bertscore_recall": 0.8901448591550191,
    "bertscore_f1": 0.8903329070409138
  },
  "building": {
    "rouge1": 0.18995662039250633,
    "rouge2": 0.033805703750940934,
    "rougeL": 0.14578112588143635,
    "bleu": 0.002794421765976629,
    "meteor": 0.18036731667610834,
    "bertscore_precision": 0.8648661263783772,
    "bertscore_recall": 0.8810922114054363,
    "bertscore_f1": 0.8726350887616475
  },
  "food": {
    "rouge1": 0.19249017841397056,
    "rouge2": 0.026359715792075557,
    "rougeL": 0.14686815400972558,
    "bleu": 0.003219916121325088,
    "meteor": 0.1527019721221637,
    "bertscore_precision": 0.8658148407936096,
    "bertscore_recall": 0.8688633879025777,
    "bertscore_f1": 0.8667422008514404
  }
}