{
  "rooms": {
    "rouge1": 0.23148739200000000,
    "rouge2": 0.04973218400000000,
    "rougeL": 0.16941827500000000,
    "bleu": 0.01061392470820787,
    "meteor": 0.21920493687514132,
    "bertscore_f1": 0.85973218875071208
  },
  "location": {
    "rouge1": 0.21942623839763053,
    "rouge2": 0.04082018736065648,
    "rougeL": 0.14891726657669650,
    "bleu": 0.01112779171664889,
    "meteor": 0.19943678656525518,
    "bertscore_f1": 0.84598347466786703
  },
  "service": {
    "rouge1": 0.18925604157960296,
    "rouge2": 0.03870868497648074,
    "rougeL": 0.14058569786526273,
    "bleu": 0.01071312352815956,
    "meteor": 0.21015780038262392,
    "bertscore_f1": 0.85953365294138580
  },
  "cleanliness": {
    "rouge1": 0.20094292613096056,
    "rouge2": 0.06948608803169576,
    "rougeL": 0.16999403988347358,
    "bleu": 0.01138146021481932,
    "meteor": 0.25966984747225728,
    "bertscore_f1": 0.86081003713607810
  },
  "building": {
    "rouge1": 0.16900399140577192,
    "rouge2": 0.02910881403048082,
    "rougeL": 0.12986888304549214,
    "bleu": 0.00031860498612727,
    "meteor": 0.17952393830700540,
    "bertscore_f1": 0.84959627564748120
  },
  "food": {
    "rouge1": 0.17161981867178357,
    "rouge2": 0.02441940442065105,
    "rougeL": 0.12915779952341940,
    "bleu": 0.00034663672786328,
    "meteor": 0.17186601532962104,
    "bertscore_f1": 0.84862636756896970
  }
}
