{
  "rooms": {
    "rouge1": 0.22803231764456666,
    "rouge2": 0.033388738454971804,
    "rougeL": 0.15649171318620472,
    "bleu": 0.005004215423438113,
    "meteor": 0.21236813508931068,
    "bertscore_precision": 0.8444792056083678,
    "bertscore_recall": 0.8670320399602255,
    "bertscore_f1": 0.8554758993784586
  },
  "location": {
    "rouge1": 0.24260353743278576,
    "rouge2": 0.04841543351538362,
    "rougeL": 0.16750207416728663,
    "bleu": 0.005609818310888315,
    "meteor": 0.23281192856468158,
    "bertscore_precision": 0.8494842680295308,
    "bertscore_recall": 0.8727287371953328,
    "bertscore_f1": 0.8608050322532654
  },
  "service": {
    "rouge1": 0.17998349840561537,
    "rouge2": 0.024818601051418723,
    "rougeL": 0.13093519675169268,
    "bleu": 0.0024621215177827145,
    "meteor": 0.20353733012831088,
    "bertscore_precision": 0.8414086039861043,
    "bertscore_recall": 0.8735813172658285,
    "bertscore_f1": 0.8570584710439045
  },
  "cleanliness": {
    "rouge1": 0.19878584914924352,
    "rouge2": 0.05149129600482996,
    "rougeL": 0.15218009632436288,
    "bleu": 0.0022727271939563297,
    "meteor": 0.23697340931892077,
    "bertscore_precision": 0.8465535791714988,
    "bertscore_recall": 0.8890507674217225,
    "bertscore_f1": 0.8672038912773133
  },
  "building": {
    "rouge1": 0.17472760441265714,
    "rouge2": 0.026022830905469883,
    "rougeL": 0.1351026345207833,
    "bleu": 0.0031532961033466944,
    "meteor": 0.20064475778714772,
    "bertscore_precision": 0.838400131861369,
    "bertscore_recall": 0.8727530217170716,
    "bertscore_f1": 0.8551027456919351
  },
  "food": {
    "rouge1": 0.21064968119675356,
    "rouge2": 0.026948073093808998,
    "rougeL": 0.1388908992434393,
    "bleu": 0.0019025733136059444,
    "meteor": 0.21704063355835168,
    "bertscore_precision": 0.8468433721860248,
    "bertscore_recall": 0.8713137944539386,
    "bertscore_f1": 0.8588149650891624
  }
}