{
  "rooms": {
    "rouge1": 0.25612644930008055,
    "rouge2": 0.04631715975721473,
    "rougeL": 0.1763344484260559,
    "bleu": 0.005733247810776816,
    "meteor": 0.22754531060131966,
    "bertscore_precision": 0.8527503609657288,
    "bertscore_recall": 0.872517875035604,
    "bertscore_f1": 0.8623882206281027
  },
  "location": {
    "rouge1": 0.28092255841821134,
    "rouge2": 0.06728477394288014,
    "rougeL": 0.1904582626699244,
    "bleu": 0.010305405838019763,
    "meteor": 0.2769859808462989,
    "bertscore_precision": 0.856898467540741,
    "bertscore_recall": 0.8818069307009381,
    "bertscore_f1": 0.8690348402659098
  },
  "service": {
    "rouge1": 0.18695381153087587,
    "rouge2": 0.02814254017748029,
    "rougeL": 0.14295281988764708,
    "bleu": 0.0008204954496090156,
    "meteor": 0.20359732970265074,
    "bertscore_precision": 0.8493922567367552,
    "bertscore_recall": 0.8801698025067647,
    "bertscore_f1": 0.8643808039029437
  },
  "cleanliness": {
    "rouge1": 0.20356736463501643,
    "rouge2": 0.05689351060145058,
    "rougeL": 0.1619059778550013,
    "bleu": 0.005887994995791735,
    "meteor": 0.2424310700281392,
    "bertscore_precision": 0.8461384026209515,
    "bertscore_recall": 0.8915207576751709,
    "bertscore_f1": 0.8681487226486206
  },
  "building": {
    "rouge1": 0.16212455539513773,
    "rouge2": 0.01769152729154303,
    "rougeL": 0.12613525461289346,
    "bleu": 0.0010635658219979437,
    "meteor": 0.176934659875884,
    "bertscore_precision": 0.8125308545430501,
    "bertscore_recall": 0.8413420661290486,
    "bertscore_f1": 0.8265348172187804
  },
  "food": {
    "rouge1": 0.19616190805445452,
    "rouge2": 0.02874161835723691,
    "rougeL": 0.1403001308697996,
    "bleu": 0.004085041422143294,
    "meteor": 0.21085594451935724,
    "bertscore_precision": 0.8453182506561276,
    "bertscore_recall": 0.8743840281168619,
    "bertscore_f1": 0.8594166835149128
  }
}