{
  "rooms": {
    "rouge1": 0.2352697496028978,
    "rouge2": 0.04259961229142992,
    "rougeL": 0.16956382288005328,
    "bleu": 0.008244099444315962,
    "meteor": 0.22334383085488826,
    "bertscore_precision": 0.851928523381551,
    "bertscore_recall": 0.8674176065127055,
    "bertscore_f1": 0.8594987694422405
  },
  "location": {
    "rouge1": 0.24370308258562265,
    "rouge2": 0.05608020339732506,
    "rougeL": 0.17349230142116656,
    "bleu": 0.006703527613896677,
    "meteor": 0.2380741400268435,
    "bertscore_precision": 0.8545818495750427,
    "bertscore_recall": 0.8702974470456439,
    "bertscore_f1": 0.8621933277448018
  },
  "service": {
    "rouge1": 0.1818317362233011,
    "rouge2": 0.02612877246373026,
    "rougeL": 0.13135990376368728,
    "bleu": 0.0010715604979185244,
    "meteor": 0.2064679908719615,
    "bertscore_precision": 0.8454275306065877,
    "bertscore_recall": 0.8763473407427469,
    "bertscore_f1": 0.8604658905665079
  },
  "cleanliness": {
    "rouge1": 0.18365712725506675,
    "rouge2": 0.05475394810187849,
    "rougeL": 0.15070570016413767,
    "bleu": 0.0023647439333196476,
    "meteor": 0.2376711957974367,
    "bertscore_precision": 0.8452253611882529,
    "bertscore_recall": 0.8852261956532798,
    "bertscore_f1": 0.8646848106384278
  },
  "building": {
    "rouge1": 0.18875411347031595,
    "rouge2": 0.03958645513605316,
    "rougeL": 0.14550629266345208,
    "bleu": 0.004502584729009862,
    "meteor": 0.2185901337328124,
    "bertscore_precision": 0.8435200754801433,
    "bertscore_recall": 0.874645128250122,
    "bertscore_f1": 0.8586488119761151
  },
  "food": {
    "rouge1": 0.20666630130572827,
    "rouge2": 0.04258721326254774,
    "rougeL": 0.15666625882370164,
    "bleu": 0.005700355612212996,
    "meteor": 0.23105327198313325,
    "bertscore_precision": 0.8532689436276754,
    "bertscore_recall": 0.8759413663546244,
    "bertscore_f1": 0.864351421991984
  }
}