{
  "rooms": {
    "rouge1": 0.23723710295144973,
    "rouge2": 0.05076334811847713,
    "rougeL": 0.16949680332949604,
    "bleu": 0.005317091664338638,
    "meteor": 0.22924185624893592,
    "bertscore_precision": 0.8527546938260396,
    "bertscore_recall": 0.8614962760607402,
    "bertscore_f1": 0.857005761464437
  },
  "location": {
    "rouge1": 0.22310149584009806,
    "rouge2": 0.0465531395050201,
    "rougeL": 0.1532454470844393,
    "bleu": 0.007951724726050031,
    "meteor": 0.21036497052913108,
    "bertscore_precision": 0.8452855594952899,
    "bertscore_recall": 0.858204730351766,
    "bertscore_f1": 0.8515061442057291
  },
  "service": {
    "rouge1": 0.18400876260879953,
    "rouge2": 0.03504263857534024,
    "rougeL": 0.1354112848523801,
    "bleu": 0.005577179912744295,
    "meteor": 0.2057866862205902,
    "bertscore_precision": 0.8459797700246173,
    "bertscore_recall": 0.8737433362007141,
    "bertscore_f1": 0.8594638291994731
  },
  "cleanliness": {
    "rouge1": 0.2038791126328924,
    "rouge2": 0.06688012126030374,
    "rougeL": 0.16734767968896316,
    "bleu": 0.007864939479156306,
    "meteor": 0.26705211311739263,
    "bertscore_precision": 0.8413279294967653,
    "bertscore_recall": 0.8792326823870341,
    "bertscore_f1": 0.8597500991821289
  },
  "building": {
    "rouge1": 0.17890490655133193,
    "rouge2": 0.039280559615199724,
    "rougeL": 0.13751559745397512,
    "bleu": 0.0040035030595119,
    "meteor": 0.19547414949789554,
    "bertscore_precision": 0.8464713533719379,
    "bertscore_recall": 0.8645812908808392,
    "bertscore_f1": 0.8552088681856792
  },
  "food": {
    "rouge1": 0.16845936578428514,
    "rouge2": 0.021262127188088238,
    "rougeL": 0.1292042626692232,
    "bleu": 0.0020174003573762366,
    "meteor": 0.17371686733027022,
    "bertscore_precision": 0.839264744122823,
    "bertscore_recall": 0.8556340161959328,
    "bertscore_f1": 0.8472849806149801
  }
}