{
  "rooms": {
    "rouge1": 0.2251971119589082,
    "rouge2": 0.048337165786594125,
    "rougeL": 0.16264750183499135,
    "bleu": 0.005261931350453015,
    "meteor": 0.21075002302637563,
    "bertscore_precision": 0.7892544229825337,
    "bertscore_recall": 0.8024053931236267,
    "bertscore_f1": 0.795670128663381
  },
  "location": {
    "rouge1": 0.26996781299774975,
    "rouge2": 0.07517998761193503,
    "rougeL": 0.19135587965363904,
    "bleu": 0.01408406759093891,
    "meteor": 0.27251055148449016,
    "bertscore_precision": 0.8665243752797442,
    "bertscore_recall": 0.8809659417470297,
    "bertscore_f1": 0.8735267567634586
  },
  "service": {
    "rouge1": 0.20453829535766965,
    "rouge2": 0.039029940077942284,
    "rougeL": 0.14682889458475232,
    "bleu": 0.00238653859490247,
    "meteor": 0.2316542523704465,
    "bertscore_precision": 0.8528317896525064,
    "bertscore_recall": 0.8816595745086668,
    "bertscore_f1": 0.8668780835469562
  },
  "cleanliness": {
    "rouge1": 0.19149588499559556,
    "rouge2": 0.06054489519084712,
    "rougeL": 0.15724947262733516,
    "bleu": 0.006512871111750468,
    "meteor": 0.23969791350735126,
    "bertscore_precision": 0.8160965172449748,
    "bertscore_recall": 0.8536339926719664,
    "bertscore_f1": 0.834375127951304
  },
  "building": {
    "rouge1": 0.16848081976295076,
    "rouge2": 0.02198959688127611,
    "rougeL": 0.1309633917930962,
    "bleu": 0.0,
    "meteor": 0.17365301820648857,
    "bertscore_precision": 0.8137229983011881,
    "bertscore_recall": 0.8371901106834408,
    "bertscore_f1": 0.8251638714472453
  },
  "food": {
    "rouge1": 0.19940499511508075,
    "rouge2": 0.04417123257609038,
    "rougeL": 0.15573712754373978,
    "bleu": 0.0029540806129713043,
    "meteor": 0.22897376317495305,
    "bertscore_precision": 0.8573108569780986,
    "bertscore_recall": 0.8753056319554645,
    "bertscore_f1": 0.8660894672075908
  }
}