{
  "rooms": {
    "rouge1": 0.26040899697046277,
    "rouge2": 0.060799340250113874,
    "rougeL": 0.18494911335467382,
    "bleu": 0.015935903494411846,
    "meteor": 0.23899213273114564,
    "bertscore_precision": 0.8492747871081034,
    "bertscore_recall": 0.8643255090713501,
    "bertscore_f1": 0.8565858872731527
  },
  "location": {
    "rouge1": 0.26018822176027423,
    "rouge2": 0.07701968611609925,
    "rougeL": 0.18742211564673647,
    "bleu": 0.02120287799863042,
    "meteor": 0.26215767834729214,
    "bertscore_precision": 0.8567696007092797,
    "bertscore_recall": 0.8682195901870727,
    "bertscore_f1": 0.8622954193751017
  },
  "service": {
    "rouge1": 0.1876885493142364,
    "rouge2": 0.03425322478117058,
    "rougeL": 0.1463790304018984,
    "bleu": 0.007548036553424238,
    "meteor": 0.20025182785663811,
    "bertscore_precision": 0.8425391618410746,
    "bertscore_recall": 0.8663040868441264,
    "bertscore_f1": 0.8541201957066856
  },
  "cleanliness": {
    "rouge1": 0.1850406613420333,
    "rouge2": 0.05472502840155869,
    "rougeL": 0.15338301980168068,
    "bleu": 0.003863669836918212,
    "meteor": 0.2253958821551103,
    "bertscore_precision": 0.844907737572988,
    "bertscore_recall": 0.8867269070943198,
    "bertscore_f1": 0.8652332750956216
  },
  "building": {
    "rouge1": 0.18851281763690078,
    "rouge2": 0.03735415387146477,
    "rougeL": 0.14691660308714888,
    "bleu": 0.00666979460778442,
    "meteor": 0.20607646052858153,
    "bertscore_precision": 0.843559060096741,
    "bertscore_recall": 0.8657297174135844,
    "bertscore_f1": 0.8543577337265015
  },
  "food": {
    "rouge1": 0.22450395981260177,
    "rouge2": 0.04429722291680163,
    "rougeL": 0.1644325267928404,
    "bleu": 0.007269960570750904,
    "meteor": 0.22856415856179763,
    "bertscore_precision": 0.8497674910227458,
    "bertscore_recall": 0.8686262528101603,
    "bertscore_f1": 0.8589585717519123
  }
}