{
  "rooms": {
    "rouge1": 0.21079886142243948,
    "rouge2": 0.019160432492469764,
    "rougeL": 0.13898808973288732,
    "bleu": 0.0009397985612007039,
    "meteor": 0.2068242082991851,
    "bertscore_precision": 0.8402845915158591,
    "bertscore_recall": 0.8615894762674968,
    "bertscore_f1": 0.8507168730099999
  },
  "location": {
    "rouge1": 0.23939726794283506,
    "rouge2": 0.04457149159323952,
    "rougeL": 0.16492616632393678,
    "bleu": 0.0026111718453317267,
    "meteor": 0.2375245179396252,
    "bertscore_precision": 0.8498100622495015,
    "bertscore_recall": 0.8733424226442975,
    "bertscore_f1": 0.8612637964884439
  },
  "service": {
    "rouge1": 0.185920285601117,
    "rouge2": 0.017893732251224766,
    "rougeL": 0.1253775665423614,
    "bleu": 0.0018442679129698119,
    "meteor": 0.20326836064788067,
    "bertscore_precision": 0.8398418577512107,
    "bertscore_recall": 0.8736376969019573,
    "bertscore_f1": 0.8563083775838214
  },
  "cleanliness": {
    "rouge1": 0.16845912955042394,
    "rouge2": 0.035106055031990595,
    "rougeL": 0.13522332641399065,
    "bleu": 0.0,
    "meteor": 0.20920403424879763,
    "bertscore_precision": 0.8414334527651469,
    "bertscore_recall": 0.8848835730552673,
    "bertscore_f1": 0.862558879852295
  },
  "building": {
    "rouge1": 0.18546364070856922,
    "rouge2": 0.02966453975468616,
    "rougeL": 0.13805579175915794,
    "bleu": 0.0,
    "meteor": 0.20239269841935456,
    "bertscore_precision": 0.8425387620925902,
    "bertscore_recall": 0.8737935996055604,
    "bertscore_f1": 0.8577641868591308
  },
  "food": {
    "rouge1": 0.21161382462224412,
    "rouge2": 0.030202790936501953,
    "rougeL": 0.14517699500589223,
    "bleu": 0.0010697929694313886,
    "meteor": 0.23264162425401136,
    "bertscore_precision": 0.8498956735928854,
    "bertscore_recall": 0.8739666644732158,
    "bertscore_f1": 0.8616712466875712
  }
}