{
  "rooms": {
    "rouge1": 0.23613657109670785,
    "rouge2": 0.03396358328712487,
    "rougeL": 0.15884400739099797,
    "bleu": 0.002656154750004318,
    "meteor": 0.22017943362745512,
    "bertscore_precision": 0.8518882592519126,
    "bertscore_recall": 0.869840697447459,
    "bertscore_f1": 0.860675392150879
  },
  "location": {
    "rouge1": 0.2843988771231743,
    "rouge2": 0.06859762651989584,
    "rougeL": 0.18968170558725897,
    "bleu": 0.005795998785052878,
    "meteor": 0.27723150169124244,
    "bertscore_precision": 0.8560355806350708,
    "bertscore_recall": 0.8847459133466085,
    "bertscore_f1": 0.870024007956187
  },
  "service": {
    "rouge1": 0.19793637975188802,
    "rouge2": 0.02607506826363869,
    "rougeL": 0.13987612234777652,
    "bleu": 0.0032767080211428667,
    "meteor": 0.2186969400168993,
    "bertscore_precision": 0.8454220628738401,
    "bertscore_recall": 0.8774837327003479,
    "bertscore_f1": 0.861040198802948
  },
  "cleanliness": {
    "rouge1": 0.1780272363676605,
    "rouge2": 0.041285793351296646,
    "rougeL": 0.14310266250351877,
    "bleu": 0.0020345036698886133,
    "meteor": 0.21247867364360815,
    "bertscore_precision": 0.8441886742909749,
    "bertscore_recall": 0.8910237558682761,
    "bertscore_f1": 0.8669100451469421
  },
  "building": {
    "rouge1": 0.1718165596499054,
    "rouge2": 0.024199402354477293,
    "rougeL": 0.1308671825565229,
    "bleu": 0.0,
    "meteor": 0.17710729602469402,
    "bertscore_precision": 0.8162810516357422,
    "bertscore_recall": 0.8415967774391175,
    "bertscore_f1": 0.8285926946004233
  },
  "food": {
    "rouge1": 0.21342105959310956,
    "rouge2": 0.028082333433059502,
    "rougeL": 0.14342233112415786,
    "bleu": 0.004164187971500583,
    "meteor": 0.22902387893139797,
    "bertscore_precision": 0.8521647787094118,
    "bertscore_recall": 0.8799833027521768,
    "bertscore_f1": 0.8657286246617634
  }
}