{
  "rooms": {
    "rouge1": 0.23030241000532292,
    "rouge2": 0.024775625233835755,
    "rougeL": 0.15642839104509365,
    "bleu": 0.0,
    "meteor": 0.22061898852056633,
    "bertscore_precision": 0.8488229465484619,
    "bertscore_recall": 0.8682205144564308,
    "bertscore_f1": 0.8582854318618773
  },
  "location": {
    "rouge1": 0.25114201057616165,
    "rouge2": 0.051370071800521576,
    "rougeL": 0.17183837116225273,
    "bleu": 0.005513260758616392,
    "meteor": 0.2445998391029728,
    "bertscore_precision": 0.8502075290679934,
    "bertscore_recall": 0.871079304218292,
    "bertscore_f1": 0.8603535103797914
  },
  "service": {
    "rouge1": 0.1697715212661221,
    "rouge2": 0.02259529353064957,
    "rougeL": 0.12419372959188384,
    "bleu": 0.0030556384365295064,
    "meteor": 0.19712802416896683,
    "bertscore_precision": 0.8405803291002911,
    "bertscore_recall": 0.8737581284840901,
    "bertscore_f1": 0.8567407631874084
  },
  "cleanliness": {
    "rouge1": 0.1903597995067451,
    "rouge2": 0.04979193462121484,
    "rougeL": 0.1504824943282652,
    "bleu": 0.00273887648647694,
    "meteor": 0.23860782421451465,
    "bertscore_precision": 0.844371638298035,
    "bertscore_recall": 0.88818234761556,
    "bertscore_f1": 0.8656477578481039
  },
  "building": {
    "rouge1": 0.19193868231633077,
    "rouge2": 0.03466617649124323,
    "rougeL": 0.13911209152495013,
    "bleu": 0.0020821911008865935,
    "meteor": 0.21415043249490742,
    "bertscore_precision": 0.8342841132481893,
    "bertscore_recall": 0.8731080961227415,
    "bertscore_f1": 0.8528919037183126
  },
  "food": {
    "rouge1": 0.21147410264482677,
    "rouge2": 0.02929912982578485,
    "rougeL": 0.1398316678301662,
    "bleu": 0.0029458083363115752,
    "meteor": 0.22163452541453083,
    "bertscore_precision": 0.8472615655263265,
    "bertscore_recall": 0.8724285570780436,
    "bertscore_f1": 0.8595490097999574
  }
}