{
  "rooms": {
    "rouge1": 0.23146375867901475,
    "rouge2": 0.044165204942705295,
    "rougeL": 0.16530235180963854,
    "bleu": 0.0,
    "meteor": 0.21182366835536354,
    "bertscore_precision": 0.8575510978698729,
    "bertscore_recall": 0.8625233832995097,
    "bertscore_f1": 0.8597462566693623
  },
  "location": {
    "rouge1": 0.2244999580122305,
    "rouge2": 0.041291361077826653,
    "rougeL": 0.15045339271126174,
    "bleu": 0.0031434446648646534,
    "meteor": 0.21621108217541327,
    "bertscore_precision": 0.8466524871190388,
    "bertscore_recall": 0.8593974924087526,
    "bertscore_f1": 0.8528350623448689
  },
  "service": {
    "rouge1": 0.1730680415307328,
    "rouge2": 0.02058171635011926,
    "rougeL": 0.12656501796862282,
    "bleu": 0.0007871267763063803,
    "meteor": 0.18435815481826676,
    "bertscore_precision": 0.8508912698427836,
    "bertscore_recall": 0.8685776805877685,
    "bertscore_f1": 0.8595086987813313
  },
  "cleanliness": {
    "rouge1": 0.21030585948906474,
    "rouge2": 0.06886854726530728,
    "rougeL": 0.17903594210748308,
    "bleu": 0.00475841986474846,
    "meteor": 0.23438495546343646,
    "bertscore_precision": 0.8562748273213705,
    "bertscore_recall": 0.8820732204119364,
    "bertscore_f1": 0.8687350916862487
  },
  "building": {
    "rouge1": 0.1835190762922891,
    "rouge2": 0.027489485555215992,
    "rougeL": 0.1427807441593378,
    "bleu": 0.0,
    "meteor": 0.19203763854095066,
    "bertscore_precision": 0.8485219899813333,
    "bertscore_recall": 0.8652700185775757,
    "bertscore_f1": 0.8566246962547299
  },
  "food": {
    "rouge1": 0.17217968971488584,
    "rouge2": 0.025389930119882352,
    "rougeL": 0.1294558543847919,
    "bleu": 0.0,
    "meteor": 0.1659269635433649,
    "bertscore_precision": 0.8586607718467714,
    "bertscore_recall": 0.8570638863245646,
    "bertscore_f1": 0.8576206254959107
  }
}