{
  "rooms": {
    "rouge1": 0.25348494961545365,
    "rouge2": 0.05713733433922023,
    "rougeL": 0.17806065654826533,
    "bleu": 0.010712566543522855,
    "meteor": 0.24095950180896278,
    "bertscore_precision": 0.8516634209950763,
    "bertscore_recall": 0.863338226477305,
    "bertscore_f1": 0.8573720741271974
  },
  "location": {
    "rouge1": 0.20887022853093434,
    "rouge2": 0.03958195560738867,
    "rougeL": 0.14821602034319972,
    "bleu": 0.0038309345921358224,
    "meteor": 0.1987891172466675,
    "bertscore_precision": 0.8461257362365723,
    "bertscore_recall": 0.8504307103157044,
    "bertscore_f1": 0.8481351121266683
  },
  "service": {
    "rouge1": 0.18705934291036833,
    "rouge2": 0.03387920179403939,
    "rougeL": 0.1391031378741073,
    "bleu": 0.004172844287913672,
    "meteor": 0.217843233816516,
    "bertscore_precision": 0.8472794389724732,
    "bertscore_recall": 0.8733118534088135,
    "bertscore_f1": 0.8599614151318867
  },
  "cleanliness": {
    "rouge1": 0.1741448919681573,
    "rouge2": 0.036662053971622116,
    "rougeL": 0.13423173972825042,
    "bleu": 0.002027252550612604,
    "meteor": 0.2234508334403406,
    "bertscore_precision": 0.8341474477450054,
    "bertscore_recall": 0.8749051713943481,
    "bertscore_f1": 0.8539972583452863
  },
  "building": {
    "rouge1": 0.16807587408667105,
    "rouge2": 0.029300090705279995,
    "rougeL": 0.12365703664932998,
    "bleu": 0.005797739986683103,
    "meteor": 0.19344242923297816,
    "bertscore_precision": 0.8406690788269043,
    "bertscore_recall": 0.8637025475502014,
    "bertscore_f1": 0.8519107421239218
  },
  "food": {
    "rouge1": 0.17725027358337486,
    "rouge2": 0.02255114559596395,
    "rougeL": 0.1253526153699935,
    "bleu": 0.0,
    "meteor": 0.19517777346975135,
    "bertscore_precision": 0.8432683674494424,
    "bertscore_recall": 0.8583397301038105,
    "bertscore_f1": 0.8506402937571208
  }
}