{
  "rooms": {
    "rouge1": 0.23976999956166137,
    "rouge2": 0.054014551746324156,
    "rougeL": 0.1756401674383449,
    "bleu": 0.007014449859747471,
    "meteor": 0.22828287821584772,
    "bertscore_precision": 0.8510032629966736,
    "bertscore_recall": 0.8620745253562927,
    "bertscore_f1": 0.8564123646418254
  },
  "location": {
    "rouge1": 0.2018782861928918,
    "rouge2": 0.04042904420547099,
    "rougeL": 0.1450468344130903,
    "bleu": 0.003666077641047358,
    "meteor": 0.1942025872763393,
    "bertscore_precision": 0.8467582774162291,
    "bertscore_recall": 0.8512261819839477,
    "bertscore_f1": 0.8488242220878601
  },
  "service": {
    "rouge1": 0.1846117726837937,
    "rouge2": 0.0361052147862392,
    "rougeL": 0.14311266454753435,
    "bleu": 0.007240139678870788,
    "meteor": 0.20858341693846086,
    "bertscore_precision": 0.8479694501558939,
    "bertscore_recall": 0.8715412489573159,
    "bertscore_f1": 0.859442282517751
  },
  "cleanliness": {
    "rouge1": 0.18750191125083882,
    "rouge2": 0.061858001056822605,
    "rougeL": 0.15984492188364136,
    "bleu": 0.00911054109122251,
    "meteor": 0.23798651742054402,
    "bertscore_precision": 0.7817186244328818,
    "bertscore_recall": 0.811664605140686,
    "bertscore_f1": 0.796339964866638
  },
  "building": {
    "rouge1": 0.19308675654160243,
    "rouge2": 0.030874995878598918,
    "rougeL": 0.14896273001860266,
    "bleu": 0.007667772280816065,
    "meteor": 0.1866020931302809,
    "bertscore_precision": 0.8253846096992493,
    "bertscore_recall": 0.844434911410014,
    "bertscore_f1": 0.8346117075284323
  },
  "food": {
    "rouge1": 0.1610003844659455,
    "rouge2": 0.020447598154844458,
    "rougeL": 0.12800837843971558,
    "bleu": 0.0018064481702012817,
    "meteor": 0.1732489314881527,
    "bertscore_precision": 0.8423403112093608,
    "bertscore_recall": 0.8545721697807314,
    "bertscore_f1": 0.8482717323303223
  }
}