{
  "rooms": {
    "rouge1": 0.23823074176319842,
    "rouge2": 0.04633136595983868,
    "rougeL": 0.17103772537127515,
    "bleu": 0.0034076275977052007,
    "meteor": 0.22921087266667975,
    "bertscore_precision": 0.8547727306683858,
    "bertscore_recall": 0.8704972608884174,
    "bertscore_f1": 0.862455076376597
  },
  "location": {
    "rouge1": 0.2717092418897188,
    "rouge2": 0.07243567825552434,
    "rougeL": 0.19615501330200055,
    "bleu": 0.013988913705715455,
    "meteor": 0.264218276339252,
    "bertscore_precision": 0.8635172017415361,
    "bertscore_recall": 0.8796917382876078,
    "bertscore_f1": 0.8713502343495686
  },
  "service": {
    "rouge1": 0.18515523540135528,
    "rouge2": 0.0352989967756663,
    "rougeL": 0.14136887205843388,
    "bleu": 0.0010480351449579169,
    "meteor": 0.21569415650120244,
    "bertscore_precision": 0.8412304282188414,
    "bertscore_recall": 0.8779040074348449,
    "bertscore_f1": 0.8588647119204204
  },
  "cleanliness": {
    "rouge1": 0.19065160411181648,
    "rouge2": 0.061337880806660756,
    "rougeL": 0.15821874679132153,
    "bleu": 0.003654747867756841,
    "meteor": 0.23292084591764156,
    "bertscore_precision": 0.8158904878298442,
    "bertscore_recall": 0.8542464335759482,
    "bertscore_f1": 0.8345680220921834
  },
  "building": {
    "rouge1": 0.1771714445123764,
    "rouge2": 0.02685901717266689,
    "rougeL": 0.1412974202069646,
    "bleu": 0.001718401102979328,
    "meteor": 0.18155915028992678,
    "bertscore_precision": 0.8170774761835733,
    "bertscore_recall": 0.8410828105608623,
    "bertscore_f1": 0.8287664699554445
  },
  "food": {
    "rouge1": 0.19392740049222212,
    "rouge2": 0.046249711916139316,
    "rougeL": 0.15133103816723006,
    "bleu": 0.0074348558606932525,
    "meteor": 0.2245685000745419,
    "bertscore_precision": 0.8543217253684997,
    "bertscore_recall": 0.8718224819501244,
    "bertscore_f1": 0.8628672377268474
  }
}