{
  "rooms": {
    "rouge1": 0.2615976596736609,
    "rouge2": 0.04710825725158483,
    "rougeL": 0.18127656665133876,
    "bleu": 0.00223411672911722,
    "meteor": 0.2361121638968105,
    "bertscore_precision": 0.8567173854509992,
    "bertscore_recall": 0.8741723934809368,
    "bertscore_f1": 0.8652633221944173
  },
  "location": {
    "rouge1": 0.2625861868289482,
    "rouge2": 0.059515499103799746,
    "rougeL": 0.17377627977406016,
    "bleu": 0.004256156402853761,
    "meteor": 0.2498253286037227,
    "bertscore_precision": 0.8570250868797302,
    "bertscore_recall": 0.8778412437438965,
    "bertscore_f1": 0.8671561423937478
  },
  "service": {
    "rouge1": 0.19618256808982065,
    "rouge2": 0.03620148602557877,
    "rougeL": 0.14616561629969388,
    "bleu": 0.003389504397984353,
    "meteor": 0.21892950831213948,
    "bertscore_precision": 0.8490298223495482,
    "bertscore_recall": 0.881699080467224,
    "bertscore_f1": 0.8649025988578798
  },
  "cleanliness": {
    "rouge1": 0.201016345644827,
    "rouge2": 0.0571350696120492,
    "rougeL": 0.15986766021951748,
    "bleu": 0.0072018018828574745,
    "meteor": 0.24905832311218357,
    "bertscore_precision": 0.8480031967163084,
    "bertscore_recall": 0.8950446176528929,
    "bertscore_f1": 0.8707980855305988
  },
  "building": {
    "rouge1": 0.15863561492931227,
    "rouge2": 0.01747948097900444,
    "rougeL": 0.12129588970516765,
    "bleu": 0.0,
    "meteor": 0.16571495241770917,
    "bertscore_precision": 0.8168627174695334,
    "bertscore_recall": 0.8383100454012552,
    "bertscore_f1": 0.8272917350133261
  },
  "food": {
    "rouge1": 0.20863235635334798,
    "rouge2": 0.0374910450072814,
    "rougeL": 0.14750921236644207,
    "bleu": 0.006896941832669646,
    "meteor": 0.21543239322343563,
    "bertscore_precision": 0.8478594414393106,
    "bertscore_recall": 0.8760654234886168,
    "bertscore_f1": 0.8616218765576682
  }
}