{
  "rooms": {
    "rouge1": 0.2263794500231948,
    "rouge2": 0.041194231147038136,
    "rougeL": 0.16258848979988166,
    "bleu": 0.0073682367977846485,
    "meteor": 0.22164763637027945,
    "bertscore_precision": 0.8510041324297586,
    "bertscore_recall": 0.866720820267995,
    "bertscore_f1": 0.8586905797322595
  },
  "location": {
    "rouge1": 0.2440616166780739,
    "rouge2": 0.05665683895110654,
    "rougeL": 0.17118310920698945,
    "bleu": 0.008032115432707744,
    "meteor": 0.24611489755667545,
    "bertscore_precision": 0.8553309114774068,
    "bertscore_recall": 0.8701391069094342,
    "bertscore_f1": 0.8624918905893962
  },
  "service": {
    "rouge1": 0.1863454061883187,
    "rouge2": 0.03318720688750287,
    "rougeL": 0.13654190153605406,
    "bleu": 0.005683262848551481,
    "meteor": 0.21398475616784096,
    "bertscore_precision": 0.8463124704360961,
    "bertscore_recall": 0.878568945725759,
    "bertscore_f1": 0.8619686071077982
  },
  "cleanliness": {
    "rouge1": 0.17623636261667264,
    "rouge2": 0.0520143739471976,
    "rougeL": 0.14879234702091815,
    "bleu": 0.0015515864664868912,
    "meteor": 0.2199622836667042,
    "bertscore_precision": 0.810258694489797,
    "bertscore_recall": 0.8488467478752136,
    "bertscore_f1": 0.8290387352307637
  },
  "building": {
    "rouge1": 0.17683520051642573,
    "rouge2": 0.040046707936645005,
    "rougeL": 0.13861716204151095,
    "bleu": 0.006965342850970038,
    "meteor": 0.2024183072400957,
    "bertscore_precision": 0.8401346611976622,
    "bertscore_recall": 0.8706213760375978,
    "bertscore_f1": 0.8549657034873961
  },
  "food": {
    "rouge1": 0.20429233394005342,
    "rouge2": 0.04301671482144767,
    "rougeL": 0.15333855208584682,
    "bleu": 0.006125492755946862,
    "meteor": 0.2195301472488503,
    "bertscore_precision": 0.8516829506556192,
    "bertscore_recall": 0.8754730049769083,
    "bertscore_f1": 0.8633019296328228
  }
}