{
  "rooms": {
    "rouge1": 0.2263342672888992,
    "rouge2": 0.046254241584501476,
    "rougeL": 0.1638900081122732,
    "bleu": 0.006139247082078744,
    "meteor": 0.21604936875141323,
    "bertscore_precision": 0.846485911210378,
    "bertscore_recall": 0.8601946592330932,
    "bertscore_f1": 0.8531988875071208
  },
  "location": {
    "rouge1": 0.21042623839763053,
    "rouge2": 0.040820187360656485,
    "rougeL": 0.1489172665766965,
    "bleu": 0.011277917166488913,
    "meteor": 0.19843678656525518,
    "bertscore_precision": 0.8415250444412231,
    "bertscore_recall": 0.8516655667622886,
    "bertscore_f1": 0.846383474667867
  },
  "service": {
    "rouge1": 0.18825604157960296,
    "rouge2": 0.038708684976480744,
    "rougeL": 0.14058569786526273,
    "bleu": 0.007131235281595566,
    "meteor": 0.21715780038262392,
    "bertscore_precision": 0.8449727233250935,
    "bertscore_recall": 0.8686517604192099,
    "bertscore_f1": 0.8565336529413858
  },
  "cleanliness": {
    "rouge1": 0.18994292613096056,
    "rouge2": 0.06648608803169576,
    "rougeL": 0.16299403988347358,
    "bleu": 0.013814602148193179,
    "meteor": 0.24266984747225728,
    "bertscore_precision": 0.8402273813883463,
    "bertscore_recall": 0.8764144444465637,
    "bertscore_f1": 0.8578100371360781
  },
  "building": {
    "rouge1": 0.15100399140577192,
    "rouge2": 0.02610881403048082,
    "rougeL": 0.11686888304549214,
    "bleu": 0.0031860498612726797,
    "meteor": 0.1725239383070054,
    "bertscore_precision": 0.8372929271062213,
    "bertscore_recall": 0.8605185786883037,
    "bertscore_f1": 0.8485962756474812
  },
  "food": {
    "rouge1": 0.16261981867178357,
    "rouge2": 0.025419404420651045,
    "rougeL": 0.1291577995234194,
    "bleu": 0.0034663672786327837,
    "meteor": 0.17386601532962104,
    "bertscore_precision": 0.8387957962354026,
    "bertscore_recall": 0.8548084243138631,
    "bertscore_f1": 0.8466263675689697
  }
}