{
  "rooms": {
    "rouge1": 0.200227332948679,
    "rouge2": 0.0349162050847227,
    "rougeL": 0.14114743447538883,
    "bleu": 0.0014248741226420595,
    "meteor": 0.16704239919011019,
    "bertscore_precision": 0.8180683581034343,
    "bertscore_recall": 0.8197120308876038,
    "bertscore_f1": 0.8187422370910646
  },
  "location": {
    "rouge1": 0.23199037714534845,
    "rouge2": 0.0425626889972474,
    "rougeL": 0.16471567061103706,
    "bleu": 0.002463207823531821,
    "meteor": 0.20069065987699047,
    "bertscore_precision": 0.8540957474708556,
    "bertscore_recall": 0.8609625673294068,
    "bertscore_f1": 0.8573317996660867
  },
  "service": {
    "rouge1": 0.21168908078473225,
    "rouge2": 0.046383347399632374,
    "rougeL": 0.15416040022480434,
    "bleu": 0.011385956022712796,
    "meteor": 0.20898830419780695,
    "bertscore_precision": 0.8614852460225424,
    "bertscore_recall": 0.8734059564272563,
    "bertscore_f1": 0.8670913354555768
  },
  "cleanliness": {
    "rouge1": 0.2260433745713817,
    "rouge2": 0.05643030629508419,
    "rougeL": 0.18446767976337927,
    "bleu": 0.00936451201976576,
    "meteor": 0.22302912008445586,
    "bertscore_precision": 0.8599187620480855,
    "bertscore_recall": 0.877986967563629,
    "bertscore_f1": 0.868611291249593
  },
  "building": {
    "rouge1": 0.19509118911564863,
    "rouge2": 0.035487546146219406,
    "rougeL": 0.15122350684899996,
    "bleu": 0.003531100996978119,
    "meteor": 0.18846481706475934,
    "bertscore_precision": 0.8328232463200888,
    "bertscore_recall": 0.8451162044207255,
    "bertscore_f1": 0.8387349669138591
  },
  "food": {
    "rouge1": 0.17077074157017208,
    "rouge2": 0.015848688681084914,
    "rougeL": 0.12602382521863265,
    "bleu": 0.0007113146306308597,
    "meteor": 0.1581779271978725,
    "bertscore_precision": 0.8583782577514648,
    "bertscore_recall": 0.8600227936108908,
    "bertscore_f1": 0.8589476561546325
  }
}