{
  "rooms": {
    "rouge1": 0.22756769408231123,
    "rouge2": 0.025125946645773146,
    "rougeL": 0.15241127785132563,
    "bleu": 0.0,
    "meteor": 0.21334441902728363,
    "bertscore_precision": 0.8431805801391602,
    "bertscore_recall": 0.8646358640988667,
    "bertscore_f1": 0.8536762364705404
  },
  "location": {
    "rouge1": 0.2761157092867946,
    "rouge2": 0.06675984157957945,
    "rougeL": 0.1878409077761221,
    "bleu": 0.00959054576645307,
    "meteor": 0.27300175975914287,
    "bertscore_precision": 0.8531589786211649,
    "bertscore_recall": 0.8806358114878335,
    "bertscore_f1": 0.8665627431869507
  },
  "service": {
    "rouge1": 0.1920321749377294,
    "rouge2": 0.023496766958102714,
    "rougeL": 0.1348421053166228,
    "bleu": 0.0008502697666614315,
    "meteor": 0.2165324370991,
    "bertscore_precision": 0.8428258721033731,
    "bertscore_recall": 0.8758796167373659,
    "bertscore_f1": 0.858912069797516
  },
  "cleanliness": {
    "rouge1": 0.17756118764245726,
    "rouge2": 0.04188490438441289,
    "rougeL": 0.13749672904611104,
    "bleu": 0.0009152233438749216,
    "meteor": 0.21556969031484222,
    "bertscore_precision": 0.8430748724937438,
    "bertscore_recall": 0.8885185980796814,
    "bertscore_f1": 0.8651351626714069
  },
  "building": {
    "rouge1": 0.17098795055298177,
    "rouge2": 0.02233779726000764,
    "rougeL": 0.1321413065734858,
    "bleu": 0.0,
    "meteor": 0.18421761454148797,
    "bertscore_precision": 0.8115551853179933,
    "bertscore_recall": 0.8399788983662922,
    "bertscore_f1": 0.8253722739219667
  },
  "food": {
    "rouge1": 0.2087124039004626,
    "rouge2": 0.03227811832990754,
    "rougeL": 0.14143409311028593,
    "bleu": 0.00444107099945584,
    "meteor": 0.2208947934432707,
    "bertscore_precision": 0.8497784169514975,
    "bertscore_recall": 0.8770241578420003,
    "bertscore_f1": 0.8630874292055765
  }
}