{
  "rooms": {
    "rouge1": 0.29378619528188704,
    "rouge2": 0.07637357906364635,
    "rougeL": 0.21119539235822235,
    "bleu": 0.015267543573503309,
    "meteor": 0.26860102857592,
    "bertscore_precision": 0.8562931076685588,
    "bertscore_recall": 0.8685981678962709,
    "bertscore_f1": 0.8622774831453961
  },
  "location": {
    "rouge1": 0.2550032714138547,
    "rouge2": 0.07410971734031965,
    "rougeL": 0.19577464688540133,
    "bleu": 0.02369924802066253,
    "meteor": 0.24869282283230504,
    "bertscore_precision": 0.8530335593223571,
    "bertscore_recall": 0.869588185151418,
    "bertscore_f1": 0.8611006935437522
  },
  "service": {
    "rouge1": 0.2165983070346502,
    "rouge2": 0.056283814252490655,
    "rougeL": 0.18093956413822634,
    "bleu": 0.011288594091192197,
    "meteor": 0.23332225517837332,
    "bertscore_precision": 0.8503085827827453,
    "bertscore_recall": 0.8727945510546367,
    "bertscore_f1": 0.8612325835227965
  },
  "cleanliness": {
    "rouge1": 0.1915092305359005,
    "rouge2": 0.06613219176155984,
    "rougeL": 0.15732898031087134,
    "bleu": 0.007061820793383148,
    "meteor": 0.23640598965995732,
    "bertscore_precision": 0.8474581662813823,
    "bertscore_recall": 0.886908142566681,
    "bertscore_f1": 0.8666695841153462
  },
  "building": {
    "rouge1": 0.1798112076168602,
    "rouge2": 0.03199453089188412,
    "rougeL": 0.1438244428390213,
    "bleu": 0.0,
    "meteor": 0.18730992103008995,
    "bertscore_precision": 0.8198236171404519,
    "bertscore_recall": 0.8413431787490844,
    "bertscore_f1": 0.830283173720042
  },
  "food": {
    "rouge1": 0.21479586937421163,
    "rouge2": 0.04658921450957479,
    "rougeL": 0.16434322504549126,
    "bleu": 0.0067518810397553496,
    "meteor": 0.24076593242594735,
    "bertscore_precision": 0.8534122745196026,
    "bertscore_recall": 0.8764293988545735,
    "bertscore_f1": 0.8646310424804687
  }
}