{
  "rooms": {
    "rouge1": 0.21917969126328732,
    "rouge2": 0.02654817531821889,
    "rougeL": 0.1449959029582503,
    "bleu": 0.0,
    "meteor": 0.20792057054894067,
    "bertscore_precision": 0.8409327308336895,
    "bertscore_recall": 0.8632188097635904,
    "bertscore_f1": 0.8518384695053101
  },
  "location": {
    "rouge1": 0.25108403197898815,
    "rouge2": 0.05213501600217766,
    "rougeL": 0.16851066547118518,
    "bleu": 0.004723345025047856,
    "meteor": 0.25852783999649737,
    "bertscore_precision": 0.8503374950091043,
    "bertscore_recall": 0.8767802087465923,
    "bertscore_f1": 0.8632029978434247
  },
  "service": {
    "rouge1": 0.18434800820994546,
    "rouge2": 0.023882301030575516,
    "rougeL": 0.13110415236990236,
    "bleu": 0.003057613403170775,
    "meteor": 0.20577469105537588,
    "bertscore_precision": 0.8382540647188824,
    "bertscore_recall": 0.8718683147430419,
    "bertscore_f1": 0.854620494047801
  },
  "cleanliness": {
    "rouge1": 0.1734956861498451,
    "rouge2": 0.03368950854954406,
    "rougeL": 0.140197407069472,
    "bleu": 0.0,
    "meteor": 0.20942513357230857,
    "bertscore_precision": 0.8402598007520041,
    "bertscore_recall": 0.8839719851811725,
    "bertscore_f1": 0.8615046000480652
  },
  "building": {
    "rouge1": 0.17899557737299862,
    "rouge2": 0.02589533278117809,
    "rougeL": 0.13075720239748762,
    "bleu": 0.002407000465603436,
    "meteor": 0.2026036552690201,
    "bertscore_precision": 0.8398433788617452,
    "bertscore_recall": 0.873147114912669,
    "bertscore_f1": 0.8560433403650918
  },
  "food": {
    "rouge1": 0.20661873898311342,
    "rouge2": 0.023685608547679694,
    "rougeL": 0.14115298602328752,
    "bleu": 0.0016545725954938148,
    "meteor": 0.2137294480641499,
    "bertscore_precision": 0.8448744479815167,
    "bertscore_recall": 0.8721264306704201,
    "bertscore_f1": 0.8581927029291788
  }
}