{
  "rooms": {
    "rouge1": 0.24695102744560682,
    "rouge2": 0.06330102217876607,
    "rougeL": 0.18341736578792175,
    "bleu": 0.008882713996656194,
    "meteor": 0.2348474883651533,
    "bertscore_precision": 0.8527044439315794,
    "bertscore_recall": 0.8631191937128702,
    "bertscore_f1": 0.8577624098459882
  },
  "location": {
    "rouge1": 0.26734403210045293,
    "rouge2": 0.07009237159368668,
    "rougeL": 0.1724625785254207,
    "bleu": 0.017141320052025674,
    "meteor": 0.2562870377158606,
    "bertscore_precision": 0.8543669303258261,
    "bertscore_recall": 0.8677631012598674,
    "bertscore_f1": 0.8608908677101135
  },
  "service": {
    "rouge1": 0.21453119551606437,
    "rouge2": 0.057505198055199554,
    "rougeL": 0.15860157363892555,
    "bleu": 0.013831205960109233,
    "meteor": 0.24619185032454413,
    "bertscore_precision": 0.8521475839614869,
    "bertscore_recall": 0.8748683611551923,
    "bertscore_f1": 0.8632033896446226
  },
  "cleanliness": {
    "rouge1": 0.21426498809184533,
    "rouge2": 0.07049693796117584,
    "rougeL": 0.17196174966649838,
    "bleu": 0.017489627373837444,
    "meteor": 0.26655245968278074,
    "bertscore_precision": 0.8460955103238424,
    "bertscore_recall": 0.885150026480357,
    "bertscore_f1": 0.8650696460405983
  },
  "building": {
    "rouge1": 0.1824999612967158,
    "rouge2": 0.026751865702137015,
    "rougeL": 0.13780584250047265,
    "bleu": 0.0019017234314603131,
    "meteor": 0.1707510224934301,
    "bertscore_precision": 0.8237574458122252,
    "bertscore_recall": 0.8368299531936643,
    "bertscore_f1": 0.8300589036941527
  },
  "food": {
    "rouge1": 0.19981296674348442,
    "rouge2": 0.037934048626213156,
    "rougeL": 0.150218924766123,
    "bleu": 0.0009397985612007035,
    "meteor": 0.2047543037890206,
    "bertscore_precision": 0.8505341283480328,
    "bertscore_recall": 0.8623464695612588,
    "bertscore_f1": 0.8562851317723592
  }
}