{
  "rooms": {
    "rouge1": 0.2627821030035863,
    "rouge2": 0.0704756018780139,
    "rougeL": 0.19800585147158603,
    "bleu": 0.016032100380637886,
    "meteor": 0.2596462131254965,
    "bertscore_precision": 0.8554753438631693,
    "bertscore_recall": 0.864594251314799,
    "bertscore_f1": 0.8599114243189496
  },
  "location": {
    "rouge1": 0.2519051527596823,
    "rouge2": 0.05957569297450333,
    "rougeL": 0.16919207775335504,
    "bleu": 0.009605056008716736,
    "meteor": 0.2474326273262104,
    "bertscore_precision": 0.8511075766881306,
    "bertscore_recall": 0.8639340623219809,
    "bertscore_f1": 0.8573400513331095
  },
  "service": {
    "rouge1": 0.20328562113217719,
    "rouge2": 0.05852003095511067,
    "rougeL": 0.16703660385596467,
    "bleu": 0.01840343421078898,
    "meteor": 0.23841091034224837,
    "bertscore_precision": 0.8508217446009315,
    "bertscore_recall": 0.8726291902860006,
    "bertscore_f1": 0.8614446194966634
  },
  "cleanliness": {
    "rouge1": 0.17070532395513024,
    "rouge2": 0.03634496831158081,
    "rougeL": 0.1300243455217711,
    "bleu": 0.0,
    "meteor": 0.21536173981904894,
    "bertscore_precision": 0.8324196473757426,
    "bertscore_recall": 0.8736503744125366,
    "bertscore_f1": 0.8524890391031902
  },
  "building": {
    "rouge1": 0.14334837822055815,
    "rouge2": 0.021046848739768177,
    "rougeL": 0.1100685038033608,
    "bleu": 0.0,
    "meteor": 0.1593896607259334,
    "bertscore_precision": 0.7974611433347065,
    "bertscore_recall": 0.820743842124939,
    "bertscore_f1": 0.808842617670695
  },
  "food": {
    "rouge1": 0.1942773432124385,
    "rouge2": 0.026918290193250018,
    "rougeL": 0.13412834582425773,
    "bleu": 0.0,
    "meteor": 0.21743791435057425,
    "bertscore_precision": 0.8386545030275981,
    "bertscore_recall": 0.8608597453435262,
    "bertscore_f1": 0.849513201713562
  }
}