{
  "rooms": {
    "rouge1": 0.24241262542694694,
    "rouge2": 0.05906312221123096,
    "rougeL": 0.17500748348378006,
    "bleu": 0.011835441265319522,
    "meteor": 0.23119677029702623,
    "bertscore_precision": 0.8510760052998861,
    "bertscore_recall": 0.8591802318890889,
    "bertscore_f1": 0.8550206255912781
  },
  "location": {
    "rouge1": 0.2602921793902572,
    "rouge2": 0.06478877544170811,
    "rougeL": 0.16945552539108097,
    "bleu": 0.01568569471263548,
    "meteor": 0.2554686250220669,
    "bertscore_precision": 0.8563128105799359,
    "bertscore_recall": 0.8703411515553791,
    "bertscore_f1": 0.863156611919403
  },
  "service": {
    "rouge1": 0.194628328410434,
    "rouge2": 0.04726812720448344,
    "rougeL": 0.1498237600225691,
    "bleu": 0.007119191340514154,
    "meteor": 0.21909463451556924,
    "bertscore_precision": 0.8470950214068096,
    "bertscore_recall": 0.8712642701466877,
    "bertscore_f1": 0.8589061745007832
  },
  "cleanliness": {
    "rouge1": 0.19576068759904636,
    "rouge2": 0.07157825246914262,
    "rougeL": 0.16352294000597364,
    "bleu": 0.01488148891279035,
    "meteor": 0.261499113156785,
    "bertscore_precision": 0.8445136857032779,
    "bertscore_recall": 0.8778874484697978,
    "bertscore_f1": 0.8607579525311787
  },
  "building": {
    "rouge1": 0.18374243255367712,
    "rouge2": 0.035878896839963786,
    "rougeL": 0.13390092132846426,
    "bleu": 0.004918876847215321,
    "meteor": 0.20097718425119526,
    "bertscore_precision": 0.8433982253074646,
    "bertscore_recall": 0.8655598012606304,
    "bertscore_f1": 0.8542058801650999
  },
  "food": {
    "rouge1": 0.18896149254364186,
    "rouge2": 0.03173159205833941,
    "rougeL": 0.13375543614371174,
    "bleu": 0.004995799022399601,
    "meteor": 0.20560156046950706,
    "bertscore_precision": 0.8465379365285238,
    "bertscore_recall": 0.8589687228202817,
    "bertscore_f1": 0.8526008574167888
  }
}